{"display":"MIRAI.246609.001","product":"mirai","device":"mirai","board":"mirai","model":"mirai","finger_print":"mamoe/mirai/mirai:10/MIRAI.200122.001/5584555:user/release-keys","boot_id":"b418c05d-e47e-369d-ec03-f61b03732047","proc_version":"Linux version 3.0.31-11au76Ji (android-build@xxx.xxx.xxx.xxx.com)","protocol":5,"imei":"837119426938072","brand":"mamoe","bootloader":"unknown","base_band":"","version":{"incremental":"5891938","release":"10","codename":"REL","sdk":29},"sim_info":"T-Mobile","os_type":"android","mac_address":"00:50:56:C0:00:08","ip_address":[10,0,1,3],"wifi_bssid":"00:50:56:C0:00:08","wifi_ssid":"\u003cunknown ssid\u003e","imsi_md5":"401c6ad979455ada875293c0b42812ed","android_id":"8e56b9b18dc15b8e","apn":"wifi","vendor_name":"MIUI","vendor_os_name":"mirai"}